run,modelname,treatname,angle,spd,from,to,kfrequency,Pxx
20120521164435,noisefloor,no,0,0,FX,FX,0.0139202924709,3.08670680125e-11
20120521164435,noisefloor,no,0,0,FX,FX,0.0151176840394,3.08993749748e-11
20120521164435,noisefloor,no,0,0,FX,FX,0.016418072479,3.09344609078e-11
20120521164435,noisefloor,no,0,0,FX,FX,0.0178303173437,3.0972564852e-11
20120521164435,noisefloor,no,0,0,FX,FX,0.0193640402662,3.101394641e-11
20120521164435,noisefloor,no,0,0,FX,FX,0.0210296905099,3.10588875146e-11
20120521164435,noisefloor,no,0,0,FX,FX,0.0228386161598,3.11076943496e-11
20120521164435,noisefloor,no,0,0,FX,FX,0.024803141437,3.11606994365e-11
20120521164435,noisefloor,no,0,0,FX,FX,0.026936650664,3.12182638991e-11
20120521164435,noisefloor,no,0,0,FX,FX,0.0292536794517,3.12807799245e-11
20120521164435,noisefloor,no,0,0,FX,FX,0.031770013731,3.13486734347e-11
20120521164435,noisefloor,no,0,0,FX,FX,0.0345027973023,3.14224069887e-11
20120521164435,noisefloor,no,0,0,FX,FX,0.0374706486363,3.15024829335e-11
20120521164435,noisefloor,no,0,0,FX,FX,0.0406937877217,3.15894468271e-11
20120521164435,noisefloor,no,0,0,FX,FX,0.0441941738242,3.16838911549e-11
20120521164435,noisefloor,no,0,0,FX,FX,0.047995655095,3.17864593668e-11
20120521164435,noisefloor,no,0,0,FX,FX,0.0521241310488,3.18978502606e-11
20120521164435,noisefloor,no,0,0,FX,FX,0.0566077290165,3.20188227431e-11
20120521164435,noisefloor,no,0,0,FX,FX,0.0614769957778,3.21502010005e-11
20120521164435,noisefloor,no,0,0,FX,FX,0.0667651056759,3.22928801137e-11
20120521164435,noisefloor,no,0,0,FX,FX,0.072508086635,3.24478321563e-11
20120521164435,noisefloor,no,0,0,FX,FX,0.0787450656184,3.26161128175e-11
20120521164435,noisefloor,no,0,0,FX,FX,0.085518535201,3.27988685945e-11
20120521164435,noisefloor,no,0,0,FX,FX,0.0928746430711,3.29973446035e-11
20120521164435,noisefloor,no,0,0,FX,FX,0.100863506435,3.32128930626e-11
20120521164435,noisefloor,no,0,0,FX,FX,0.109539553467,3.34469825048e-11
20120521164435,noisefloor,no,0,0,FX,FX,0.118961894126,3.3701207783e-11
20120521164435,noisefloor,no,0,0,FX,FX,0.129194722876,3.39773009352e-11
20120521164435,noisefloor,no,0,0,FX,FX,0.140307756039,3.4277142986e-11
20120521164435,noisefloor,no,0,0,FX,FX,0.152376706776,3.46027767609e-11
20120521164435,noisefloor,no,0,0,FX,FX,0.165483800919,3.49564208049e-11
20120521164435,noisefloor,no,0,0,FX,FX,0.179718337181,3.53404844967e-11
20120521164435,noisefloor,no,0,0,FX,FX,0.195177295539,3.57575844648e-11
20120521164435,noisefloor,no,0,0,FX,FX,0.211965997969,3.62105624135e-11
20120521164435,noisefloor,no,0,0,FX,FX,0.230198826001,3.67025044845e-11
20120521164435,noisefloor,no,0,0,FX,FX,0.25,3.72367622818e-11
20120521164435,noisefloor,no,0,0,FX,FX,0.271504425482,3.78169757072e-11
20120521164435,noisefloor,no,0,0,FX,FX,0.294858612224,3.8447097758e-11
20120521164435,noisefloor,no,0,0,FX,FX,0.320221672441,3.91314214595e-11
20120521164435,noisefloor,no,0,0,FX,FX,0.347766404811,3.98746091132e-11
20120521164435,noisefloor,no,0,0,FX,FX,0.377680471761,4.0681724061e-11
20120521164435,noisefloor,no,0,0,FX,FX,0.410167678004,4.15582651818e-11
20120521164435,noisefloor,no,0,0,FX,FX,0.44544935907,4.25102043555e-11
20120521164435,noisefloor,no,0,0,FX,FX,0.483765889262,4.35440271492e-11
20120521164435,noisefloor,no,0,0,FX,FX,0.525378319327,4.46667770039e-11
20120521164435,noisefloor,no,0,0,FX,FX,0.570570154997,4.58861032209e-11
20120521164435,noisefloor,no,0,0,FX,FX,0.619649288518,4.72103130769e-11
20120521164435,noisefloor,no,0,0,FX,FX,0.672950096316,4.86484284217e-11
20120521164435,noisefloor,no,0,0,FX,FX,0.730835717112,5.02102471435e-11
20120521164435,noisefloor,no,0,0,FX,FX,0.793700525984,5.19064099226e-11
20120521164435,noisefloor,no,0,0,FX,FX,0.861972821247,5.37484727261e-11
20120521164435,noisefloor,no,0,0,FX,FX,0.936117742454,5.57489855387e-11
20120521164435,noisefloor,no,0,0,FX,FX,1.01664043939,5.79215778661e-11
20120521164435,noisefloor,no,0,0,FX,FX,1.10408951367,6.02810515928e-11
20120521164435,noisefloor,no,0,0,FX,FX,1.19906075636,6.28434818272e-11
20120521164435,noisefloor,no,0,0,FX,FX,1.30220120709,6.56263264217e-11
20120521164435,noisefloor,no,0,0,FX,FX,1.41421356237,6.8648544913e-11
20120521164435,noisefloor,no,0,0,FX,FX,1.53586096304,7.19307276937e-11
20120521164435,noisefloor,no,0,0,FX,FX,1.66797219356,7.54952362944e-11
20120521164435,noisefloor,no,0,0,FX,FX,1.81144732853,7.93663557335e-11
20120521164435,noisefloor,no,0,0,FX,FX,1.96726386489,8.35704599707e-11
20120521164435,noisefloor,no,0,0,FX,FX,2.13648338163,8.81361915929e-11
20120521164435,noisefloor,no,0,0,FX,FX,2.32025877232,9.30946569569e-11
20120521164435,noisefloor,no,0,0,FX,FX,2.51984209979,9.84796381167e-11
20120521164435,noisefloor,no,0,0,FX,FX,2.73659312643,1.04327822981e-10
20120521164435,noisefloor,no,0,0,FX,FX,2.97198857827,1.07894012926e-10
20120521164435,noisefloor,no,0,0,FX,FX,3.22763220593,1.07840181198e-10
20120521164435,noisefloor,no,0,0,FX,FX,3.50526571095,1.07781718988e-10
20120521164435,noisefloor,no,0,0,FX,FX,3.80678061204,1.07718227993e-10
20120521164435,noisefloor,no,0,0,FX,FX,4.13423113203,1.07649275648e-10
20120521164435,noisefloor,no,0,0,FX,FX,4.48984819324,1.07574392181e-10
20120521164435,noisefloor,no,0,0,FX,FX,4.87605461682,1.07493067411e-10
20120521164435,noisefloor,no,0,0,FX,FX,5.29548162942,1.07404747271e-10
20120521164435,noisefloor,no,0,0,FX,FX,5.75098678978,1.07154824589e-10
20120521164435,noisefloor,no,0,0,FX,FX,6.24567345725,1.00624159084e-10
20120521164435,noisefloor,no,0,0,FX,FX,6.78291193502,9.35317407411e-11
20120521164435,noisefloor,no,0,0,FX,FX,7.36636243204,8.58292488709e-11
20120521164435,noisefloor,no,0,0,FX,FX,8.0,7.7464206351e-11
20120521164435,noisefloor,no,0,0,FX,FX,8.68814161541,6.87059973758e-11
20120521164435,noisefloor,no,0,0,FX,FX,9.43547559118,6.19102257563e-11
20120521164435,noisefloor,no,0,0,FX,FX,10.2470935181,5.45298974792e-11
20120521164435,noisefloor,no,0,0,FX,FX,11.128524954,4.65147303244e-11
20120521164435,noisefloor,no,0,0,FX,FX,12.0857750963,4.1072848207e-11
20120521164435,noisefloor,no,0,0,FX,FX,13.1253656961,3.72027652998e-11
20120521164435,noisefloor,no,0,0,FX,FX,14.2543794902,3.29997867548e-11
20120521164435,noisefloor,no,0,0,FX,FX,15.4805084564,3.08927781645e-11
20120521164435,noisefloor,no,0,0,FX,FX,16.8121062185,2.88247239108e-11
20120521164435,noisefloor,no,0,0,FX,FX,18.2582449599,2.94921402649e-11
20120521164435,noisefloor,no,0,0,FX,FX,19.8287772326,3.14489620095e-11
20120521164435,noisefloor,no,0,0,FX,FX,21.5344030821,3.1377175462e-11
20120521164435,noisefloor,no,0,0,FX,FX,23.3867429476,3.06384037132e-11
20120521164435,noisefloor,no,0,0,FX,FX,25.3984168315,2.89916242969e-11
20120521164435,noisefloor,no,0,0,FX,FX,27.5831302799,2.70337671499e-11
20120521164435,noisefloor,no,0,0,FX,FX,29.9557677585,2.48970249521e-11
20120521164435,noisefloor,no,0,0,FX,FX,32.5324940605,2.28812532969e-11
20120521164435,noisefloor,no,0,0,FX,FX,35.3308644376,2.18882837178e-11
20120521164435,noisefloor,no,0,0,FX,FX,38.3699442036,2.14254384884e-11
20120521164435,noisefloor,no,0,0,FX,FX,41.670438627,2.03469334382e-11
20120521164435,noisefloor,no,0,0,FX,FX,45.2548339959,2.35214660228e-11
20120521164435,noisefloor,no,0,0,FX,FX,49.1475508173,2.26358018932e-11
20120521164435,noisefloor,no,0,0,FX,FX,53.3751101939,2.00086995099e-11
20120521164435,noisefloor,no,0,0,FX,FX,57.9663145129,1.47145103208e-11
20120521164435,noisefloor,no,0,0,FX,FX,62.9524436764,1.998786931e-11
20120521164435,noisefloor,no,0,0,FX,FX,68.3674682121,1.79817169865e-11
20120521164435,noisefloor,no,0,0,FX,FX,74.2482807143,1.97980690817e-11
20120521164435,noisefloor,no,0,0,FX,FX,80.6349471933,1.75356338312e-11
20120521164435,noisefloor,no,0,0,FX,FX,87.5709800458,2.08194851126e-11
20120521164435,noisefloor,no,0,0,FX,FX,95.1036345048,2.1588537571e-11
20120521164435,noisefloor,no,0,0,FX,FX,103.28423059,1.97603071318e-11
20120521164435,noisefloor,no,0,0,FX,FX,112.16850275,1.82857486888e-11
20120521164435,noisefloor,no,0,0,FX,FX,121.816979585,1.72758282936e-11
20120521164435,noisefloor,no,0,0,FX,FX,132.295396225,2.28229667872e-11
20120521164435,noisefloor,no,0,0,FX,FX,143.675142184,2.3629554019e-11
20120521164435,noisefloor,no,0,0,FY,FY,0.0139202924709,3.37986817781e-11
20120521164435,noisefloor,no,0,0,FY,FY,0.0151176840394,3.38319087693e-11
20120521164435,noisefloor,no,0,0,FY,FY,0.016418072479,3.386799387e-11
20120521164435,noisefloor,no,0,0,FY,FY,0.0178303173437,3.39071829282e-11
20120521164435,noisefloor,no,0,0,FY,FY,0.0193640402662,3.3949742939e-11
20120521164435,noisefloor,no,0,0,FY,FY,0.0210296905099,3.39959638642e-11
20120521164435,noisefloor,no,0,0,FY,FY,0.0228386161598,3.40461606072e-11
20120521164435,noisefloor,no,0,0,FY,FY,0.024803141437,3.41006751586e-11
20120521164435,noisefloor,no,0,0,FY,FY,0.026936650664,3.41598789265e-11
20120521164435,noisefloor,no,0,0,FY,FY,0.0292536794517,3.42241752664e-11
20120521164435,noisefloor,no,0,0,FY,FY,0.031770013731,3.42940022297e-11
20120521164435,noisefloor,no,0,0,FY,FY,0.0345027973023,3.43698355479e-11
20120521164435,noisefloor,no,0,0,FY,FY,0.0374706486363,3.44521918739e-11
20120521164435,noisefloor,no,0,0,FY,FY,0.0406937877217,3.45416323018e-11
20120521164435,noisefloor,no,0,0,FY,FY,0.0441941738242,3.46387661898e-11
20120521164435,noisefloor,no,0,0,FY,FY,0.047995655095,3.47442553116e-11
20120521164435,noisefloor,no,0,0,FY,FY,0.0521241310488,3.48588183652e-11
20120521164435,noisefloor,no,0,0,FY,FY,0.0566077290165,3.49832358694e-11
20120521164435,noisefloor,no,0,0,FY,FY,0.0614769957778,3.51183554815e-11
20120521164435,noisefloor,no,0,0,FY,FY,0.0667651056759,3.5265097772e-11
20120521164435,noisefloor,no,0,0,FY,FY,0.072508086635,3.54244624971e-11
20120521164435,noisefloor,no,0,0,FY,FY,0.0787450656184,3.55975354097e-11
20120521164435,noisefloor,no,0,0,FY,FY,0.085518535201,3.57854956564e-11
20120521164435,noisefloor,no,0,0,FY,FY,0.0928746430711,3.59896238117e-11
20120521164435,noisefloor,no,0,0,FY,FY,0.100863506435,3.62113106017e-11
20120521164435,noisefloor,no,0,0,FY,FY,0.109539553467,3.645206638e-11
20120521164435,noisefloor,no,0,0,FY,FY,0.118961894126,3.67135314171e-11
20120521164435,noisefloor,no,0,0,FY,FY,0.129194722876,3.69974870757e-11
20120521164435,noisefloor,no,0,0,FY,FY,0.140307756039,3.73058679476e-11
20120521164435,noisefloor,no,0,0,FY,FY,0.152376706776,3.76407750334e-11
20120521164435,noisefloor,no,0,0,FY,FY,0.165483800919,3.80044900571e-11
20120521164435,noisefloor,no,0,0,FY,FY,0.179718337181,3.83994910113e-11
20120521164435,noisefloor,no,0,0,FY,FY,0.195177295539,3.88284690398e-11
20120521164435,noisefloor,no,0,0,FY,FY,0.211965997969,3.92943467725e-11
20120521164435,noisefloor,no,0,0,FY,FY,0.230198826001,3.98002982372e-11
20120521164435,noisefloor,no,0,0,FY,FY,0.25,4.03497704841e-11
20120521164435,noisefloor,no,0,0,FY,FY,0.271504425482,4.0946507071e-11
20120521164435,noisefloor,no,0,0,FY,FY,0.294858612224,4.15945735677e-11
20120521164435,noisefloor,no,0,0,FY,FY,0.320221672441,4.22983852552e-11
20120521164435,noisefloor,no,0,0,FY,FY,0.347766404811,4.30627372066e-11
20120521164435,noisefloor,no,0,0,FY,FY,0.377680471761,4.38928369563e-11
20120521164435,noisefloor,no,0,0,FY,FY,0.410167678004,4.47943399789e-11
20120521164435,noisefloor,no,0,0,FY,FY,0.44544935907,4.57733882198e-11
20120521164435,noisefloor,no,0,0,FY,FY,0.483765889262,4.68366519404e-11
20120521164435,noisefloor,no,0,0,FY,FY,0.525378319327,4.79913751629e-11
20120521164435,noisefloor,no,0,0,FY,FY,0.570570154997,4.92454250232e-11
20120521164435,noisefloor,no,0,0,FY,FY,0.619649288518,5.06073453707e-11
20120521164435,noisefloor,no,0,0,FY,FY,0.672950096316,5.20864149767e-11
20120521164435,noisefloor,no,0,0,FY,FY,0.730835717112,5.36927107511e-11
20120521164435,noisefloor,no,0,0,FY,FY,0.793700525984,5.54371763967e-11
20120521164435,noisefloor,no,0,0,FY,FY,0.861972821247,5.73316969682e-11
20120521164435,noisefloor,no,0,0,FY,FY,0.936117742454,5.93891798455e-11
20120521164435,noisefloor,no,0,0,FY,FY,1.01664043939,6.16236426717e-11
20120521164435,noisefloor,no,0,0,FY,FY,1.10408951367,6.40503088552e-11
20120521164435,noisefloor,no,0,0,FY,FY,1.19906075636,6.66857112872e-11
20120521164435,noisefloor,no,0,0,FY,FY,1.30220120709,6.95478049801e-11
20120521164435,noisefloor,no,0,0,FY,FY,1.41421356237,7.2656089395e-11
20120521164435,noisefloor,no,0,0,FY,FY,1.53586096304,7.60317412923e-11
20120521164435,noisefloor,no,0,0,FY,FY,1.66797219356,7.96977590083e-11
20120521164435,noisefloor,no,0,0,FY,FY,1.81144732853,8.36791191435e-11
20120521164435,noisefloor,no,0,0,FY,FY,1.96726386489,8.8002946728e-11
20120521164435,noisefloor,no,0,0,FY,FY,2.13648338163,9.26987000249e-11
20120521164435,noisefloor,no,0,0,FY,FY,2.32025877232,9.77983712292e-11
20120521164435,noisefloor,no,0,0,FY,FY,2.51984209979,1.03336704431e-10
20120521164435,noisefloor,no,0,0,FY,FY,2.73659312643,1.09351432327e-10
20120521164435,noisefloor,no,0,0,FY,FY,2.97198857827,1.12684155239e-10
20120521164435,noisefloor,no,0,0,FY,FY,3.22763220593,1.11792580541e-10
20120521164435,noisefloor,no,0,0,FY,FY,3.50526571095,1.10824314637e-10
20120521164435,noisefloor,no,0,0,FY,FY,3.80678061204,1.09772760724e-10
20120521164435,noisefloor,no,0,0,FY,FY,4.13423113203,1.08630754561e-10
20120521164435,noisefloor,no,0,0,FY,FY,4.48984819324,1.07390515652e-10
20120521164435,noisefloor,no,0,0,FY,FY,4.87605461682,1.06043594242e-10
20120521164435,noisefloor,no,0,0,FY,FY,5.29548162942,1.04580813748e-10
20120521164435,noisefloor,no,0,0,FY,FY,5.75098678978,1.02873315121e-10
20120521164435,noisefloor,no,0,0,FY,FY,6.24567345725,9.61867671732e-11
20120521164435,noisefloor,no,0,0,FY,FY,6.78291193502,8.89250577366e-11
20120521164435,noisefloor,no,0,0,FY,FY,7.36636243204,8.10387127423e-11
20120521164435,noisefloor,no,0,0,FY,FY,8.0,7.24740024749e-11
20120521164435,noisefloor,no,0,0,FY,FY,8.68814161541,6.36442131184e-11
20120521164435,noisefloor,no,0,0,FY,FY,9.43547559118,5.79794449664e-11
20120521164435,noisefloor,no,0,0,FY,FY,10.2470935181,5.18274064761e-11
20120521164435,noisefloor,no,0,0,FY,FY,11.128524954,4.51461837726e-11
20120521164435,noisefloor,no,0,0,FY,FY,12.0857750963,4.04413343445e-11
20120521164435,noisefloor,no,0,0,FY,FY,13.1253656961,3.69267472856e-11
20120521164435,noisefloor,no,0,0,FY,FY,14.2543794902,3.31098435246e-11
20120521164435,noisefloor,no,0,0,FY,FY,15.4805084564,3.5528230538e-11
20120521164435,noisefloor,no,0,0,FY,FY,16.8121062185,3.87427475026e-11
20120521164435,noisefloor,no,0,0,FY,FY,18.2582449599,3.85924586326e-11
20120521164435,noisefloor,no,0,0,FY,FY,19.8287772326,3.68894119019e-11
20120521164435,noisefloor,no,0,0,FY,FY,21.5344030821,3.06845655448e-11
20120521164435,noisefloor,no,0,0,FY,FY,23.3867429476,2.41677156087e-11
20120521164435,noisefloor,no,0,0,FY,FY,25.3984168315,2.09151101456e-11
20120521164435,noisefloor,no,0,0,FY,FY,27.5831302799,2.3288810499e-11
20120521164435,noisefloor,no,0,0,FY,FY,29.9557677585,2.54185643423e-11
20120521164435,noisefloor,no,0,0,FY,FY,32.5324940605,2.4916125645e-11
20120521164435,noisefloor,no,0,0,FY,FY,35.3308644376,2.36774180344e-11
20120521164435,noisefloor,no,0,0,FY,FY,38.3699442036,2.43165981182e-11
20120521164435,noisefloor,no,0,0,FY,FY,41.670438627,2.17989771341e-11
20120521164435,noisefloor,no,0,0,FY,FY,45.2548339959,1.94960336939e-11
20120521164435,noisefloor,no,0,0,FY,FY,49.1475508173,1.94760629355e-11
20120521164435,noisefloor,no,0,0,FY,FY,53.3751101939,2.06754240223e-11
20120521164435,noisefloor,no,0,0,FY,FY,57.9663145129,2.19682580181e-11
20120521164435,noisefloor,no,0,0,FY,FY,62.9524436764,2.3275539234e-11
20120521164435,noisefloor,no,0,0,FY,FY,68.3674682121,2.73738289556e-11
20120521164435,noisefloor,no,0,0,FY,FY,74.2482807143,2.31847558469e-11
20120521164435,noisefloor,no,0,0,FY,FY,80.6349471933,2.34757749331e-11
20120521164435,noisefloor,no,0,0,FY,FY,87.5709800458,2.10472173203e-11
20120521164435,noisefloor,no,0,0,FY,FY,95.1036345048,1.66389986931e-11
20120521164435,noisefloor,no,0,0,FY,FY,103.28423059,2.69186542685e-11
20120521164435,noisefloor,no,0,0,FY,FY,112.16850275,2.47817100638e-11
20120521164435,noisefloor,no,0,0,FY,FY,121.816979585,2.66133013451e-11
20120521164435,noisefloor,no,0,0,FY,FY,132.295396225,2.93083277187e-11
20120521164435,noisefloor,no,0,0,FY,FY,143.675142184,2.52911173176e-11
20120521164435,noisefloor,no,0,0,FZ,FZ,0.0139202924709,4.15045086114e-08
20120521164435,noisefloor,no,0,0,FZ,FZ,0.0151176840394,4.15543832615e-08
20120521164435,noisefloor,no,0,0,FZ,FZ,0.016418072479,4.16085480144e-08
20120521164435,noisefloor,no,0,0,FZ,FZ,0.0178303173437,4.16673718949e-08
20120521164435,noisefloor,no,0,0,FZ,FZ,0.0193640402662,4.17312556704e-08
20120521164435,noisefloor,no,0,0,FZ,FZ,0.0210296905099,4.18006345814e-08
20120521164435,noisefloor,no,0,0,FZ,FZ,0.0228386161598,4.18759813069e-08
20120521164435,noisefloor,no,0,0,FZ,FZ,0.024803141437,4.19578091846e-08
20120521164435,noisefloor,no,0,0,FZ,FZ,0.026936650664,4.20466757084e-08
20120521164435,noisefloor,no,0,0,FZ,FZ,0.0292536794517,4.21431863262e-08
20120521164435,noisefloor,no,0,0,FZ,FZ,0.031770013731,4.22479985656e-08
20120521164435,noisefloor,no,0,0,FZ,FZ,0.0345027973023,4.2361826513e-08
20120521164435,noisefloor,no,0,0,FZ,FZ,0.0374706486363,4.24854456788e-08
20120521164435,noisefloor,no,0,0,FZ,FZ,0.0406937877217,4.26196982812e-08
20120521164435,noisefloor,no,0,0,FZ,FZ,0.0441941738242,4.2765498984e-08
20120521164435,noisefloor,no,0,0,FZ,FZ,0.047995655095,4.29238411281e-08
20120521164435,noisefloor,no,0,0,FZ,FZ,0.0521241310488,4.30958034995e-08
20120521164435,noisefloor,no,0,0,FZ,FZ,0.0566077290165,4.3282557679e-08
20120521164435,noisefloor,no,0,0,FZ,FZ,0.0614769957778,4.34853760238e-08
20120521164435,noisefloor,no,0,0,FZ,FZ,0.0667651056759,4.37056403366e-08
20120521164435,noisefloor,no,0,0,FZ,FZ,0.072508086635,4.39448512793e-08
20120521164435,noisefloor,no,0,0,FZ,FZ,0.0787450656184,4.42046385977e-08
20120521164435,noisefloor,no,0,0,FZ,FZ,0.085518535201,4.44867722241e-08
20120521164435,noisefloor,no,0,0,FZ,FZ,0.0928746430711,4.47931743367e-08
20120521164435,noisefloor,no,0,0,FZ,FZ,0.100863506435,4.51259324549e-08
20120521164435,noisefloor,no,0,0,FZ,FZ,0.109539553467,4.54873136618e-08
20120521164435,noisefloor,no,0,0,FZ,FZ,0.118961894126,4.58797800495e-08
20120521164435,noisefloor,no,0,0,FZ,FZ,0.129194722876,4.63060054941e-08
20120521164435,noisefloor,no,0,0,FZ,FZ,0.140307756039,4.67688938718e-08
20120521164435,noisefloor,no,0,0,FZ,FZ,0.152376706776,4.72715988441e-08
20120521164435,noisefloor,no,0,0,FZ,FZ,0.165483800919,4.78175453428e-08
20120521164435,noisefloor,no,0,0,FZ,FZ,0.179718337181,4.84104529048e-08
20120521164435,noisefloor,no,0,0,FZ,FZ,0.195177295539,4.90543610126e-08
20120521164435,noisefloor,no,0,0,FZ,FZ,0.211965997969,4.97536566162e-08
20120521164435,noisefloor,no,0,0,FZ,FZ,0.230198826001,5.05131040205e-08
20120521164435,noisefloor,no,0,0,FZ,FZ,0.25,5.13378773453e-08
20120521164435,noisefloor,no,0,0,FZ,FZ,0.271504425482,5.22335957761e-08
20120521164435,noisefloor,no,0,0,FZ,FZ,0.294858612224,5.32063618479e-08
20120521164435,noisefloor,no,0,0,FZ,FZ,0.320221672441,5.42628030217e-08
20120521164435,noisefloor,no,0,0,FZ,FZ,0.347766404811,5.54101168375e-08
20120521164435,noisefloor,no,0,0,FZ,FZ,0.377680471761,5.66561199511e-08
20120521164435,noisefloor,no,0,0,FZ,FZ,0.410167678004,5.80093013892e-08
20120521164435,noisefloor,no,0,0,FZ,FZ,0.44544935907,5.94788803848e-08
20120521164435,noisefloor,no,0,0,FZ,FZ,0.483765889262,6.10748691884e-08
20120521164435,noisefloor,no,0,0,FZ,FZ,0.525378319327,6.28081412812e-08
20120521164435,noisefloor,no,0,0,FZ,FZ,0.570570154997,6.46905054563e-08
20120521164435,noisefloor,no,0,0,FZ,FZ,0.619649288518,6.67347862719e-08
20120521164435,noisefloor,no,0,0,FZ,FZ,0.672950096316,6.89549114253e-08
20120521164435,noisefloor,no,0,0,FZ,FZ,0.730835717112,7.13660066424e-08
20120521164435,noisefloor,no,0,0,FZ,FZ,0.793700525984,7.39844987293e-08
20120521164435,noisefloor,no,0,0,FZ,FZ,0.861972821247,7.68282274879e-08
20120521164435,noisefloor,no,0,0,FZ,FZ,0.936117742454,7.99165672593e-08
20120521164435,noisefloor,no,0,0,FZ,FZ,1.01664043939,8.32705589205e-08
20120521164435,noisefloor,no,0,0,FZ,FZ,1.10408951367,8.69130532368e-08
20120521164435,noisefloor,no,0,0,FZ,FZ,1.19906075636,9.08688665434e-08
20120521164435,noisefloor,no,0,0,FZ,FZ,1.30220120709,9.51649498199e-08
20120521164435,noisefloor,no,0,0,FZ,FZ,1.41421356237,9.98305723071e-08
20120521164435,noisefloor,no,0,0,FZ,FZ,1.53586096304,1.04897520919e-07
20120521164435,noisefloor,no,0,0,FZ,FZ,1.66797219356,1.10400316806e-07
20120521164435,noisefloor,no,0,0,FZ,FZ,1.81144732853,1.16376450549e-07
20120521164435,noisefloor,no,0,0,FZ,FZ,1.96726386489,1.22866637583e-07
20120521164435,noisefloor,no,0,0,FZ,FZ,2.13648338163,1.29915095592e-07
20120521164435,noisefloor,no,0,0,FZ,FZ,2.32025877232,1.3756984576e-07
20120521164435,noisefloor,no,0,0,FZ,FZ,2.51984209979,1.45883039946e-07
20120521164435,noisefloor,no,0,0,FZ,FZ,2.73659312643,1.54911315992e-07
20120521164435,noisefloor,no,0,0,FZ,FZ,2.97198857827,1.60363906829e-07
20120521164435,noisefloor,no,0,0,FZ,FZ,3.22763220593,1.60149013918e-07
20120521164435,noisefloor,no,0,0,FZ,FZ,3.50526571095,1.59915636413e-07
20120521164435,noisefloor,no,0,0,FZ,FZ,3.80678061204,1.59662184312e-07
20120521164435,noisefloor,no,0,0,FZ,FZ,4.13423113203,1.59386930843e-07
20120521164435,noisefloor,no,0,0,FZ,FZ,4.48984819324,1.59088000703e-07
20120521164435,noisefloor,no,0,0,FZ,FZ,4.87605461682,1.58763357279e-07
20120521164435,noisefloor,no,0,0,FZ,FZ,5.29548162942,1.58410788774e-07
20120521164435,noisefloor,no,0,0,FZ,FZ,5.75098678978,1.57785900676e-07
20120521164435,noisefloor,no,0,0,FZ,FZ,6.24567345725,1.47271958888e-07
20120521164435,noisefloor,no,0,0,FZ,FZ,6.78291193502,1.35853631989e-07
20120521164435,noisefloor,no,0,0,FZ,FZ,7.36636243204,1.2345312685e-07
20120521164435,noisefloor,no,0,0,FZ,FZ,8.0,1.09985958757e-07
20120521164435,noisefloor,no,0,0,FZ,FZ,8.68814161541,9.60328764508e-08
20120521164435,noisefloor,no,0,0,FZ,FZ,9.43547559118,8.6475521015e-08
20120521164435,noisefloor,no,0,0,FZ,FZ,10.2470935181,7.6096063828e-08
20120521164435,noisefloor,no,0,0,FZ,FZ,11.128524954,6.48237895866e-08
20120521164435,noisefloor,no,0,0,FZ,FZ,12.0857750963,5.61850478091e-08
20120521164435,noisefloor,no,0,0,FZ,FZ,13.1253656961,4.90559509303e-08
20120521164435,noisefloor,no,0,0,FZ,FZ,14.2543794902,4.13136255211e-08
20120521164435,noisefloor,no,0,0,FZ,FZ,15.4805084564,4.00165670674e-08
20120521164435,noisefloor,no,0,0,FZ,FZ,16.8121062185,3.92451128238e-08
20120521164435,noisefloor,no,0,0,FZ,FZ,18.2582449599,3.9338992644e-08
20120521164435,noisefloor,no,0,0,FZ,FZ,19.8287772326,3.98349401623e-08
20120521164435,noisefloor,no,0,0,FZ,FZ,21.5344030821,3.63113682174e-08
20120521164435,noisefloor,no,0,0,FZ,FZ,23.3867429476,3.17764715361e-08
20120521164435,noisefloor,no,0,0,FZ,FZ,25.3984168315,2.71339397222e-08
20120521164435,noisefloor,no,0,0,FZ,FZ,27.5831302799,2.34089678517e-08
20120521164435,noisefloor,no,0,0,FZ,FZ,29.9557677585,2.17189518679e-08
20120521164435,noisefloor,no,0,0,FZ,FZ,32.5324940605,2.11864103e-08
20120521164435,noisefloor,no,0,0,FZ,FZ,35.3308644376,1.95664948165e-08
20120521164435,noisefloor,no,0,0,FZ,FZ,38.3699442036,1.74771384703e-08
20120521164435,noisefloor,no,0,0,FZ,FZ,41.670438627,1.53692720669e-08
20120521164435,noisefloor,no,0,0,FZ,FZ,45.2548339959,1.37381361982e-08
20120521164435,noisefloor,no,0,0,FZ,FZ,49.1475508173,1.23627158738e-08
20120521164435,noisefloor,no,0,0,FZ,FZ,53.3751101939,1.19142061844e-08
20120521164435,noisefloor,no,0,0,FZ,FZ,57.9663145129,9.52726156698e-09
20120521164435,noisefloor,no,0,0,FZ,FZ,62.9524436764,9.46797449699e-09
20120521164435,noisefloor,no,0,0,FZ,FZ,68.3674682121,8.40057027991e-09
20120521164435,noisefloor,no,0,0,FZ,FZ,74.2482807143,7.7311201748e-09
20120521164435,noisefloor,no,0,0,FZ,FZ,80.6349471933,7.49365745888e-09
20120521164435,noisefloor,no,0,0,FZ,FZ,87.5709800458,5.94710663995e-09
20120521164435,noisefloor,no,0,0,FZ,FZ,95.1036345048,4.67661422432e-09
20120521164435,noisefloor,no,0,0,FZ,FZ,103.28423059,4.78070791089e-09
20120521164435,noisefloor,no,0,0,FZ,FZ,112.16850275,4.27609501106e-09
20120521164435,noisefloor,no,0,0,FZ,FZ,121.816979585,3.71747926497e-09
20120521164435,noisefloor,no,0,0,FZ,FZ,132.295396225,3.19081364445e-09
20120521164435,noisefloor,no,0,0,FZ,FZ,143.675142184,2.87576091646e-09
20120521164435,noisefloor,no,0,0,TX,TX,0.0139202924709,2.4269428614e-09
20120521164435,noisefloor,no,0,0,TX,TX,0.0151176840394,2.42946540891e-09
20120521164435,noisefloor,no,0,0,TX,TX,0.016418072479,2.43220494016e-09
20120521164435,noisefloor,no,0,0,TX,TX,0.0178303173437,2.4351801196e-09
20120521164435,noisefloor,no,0,0,TX,TX,0.0193640402662,2.43841121714e-09
20120521164435,noisefloor,no,0,0,TX,TX,0.0210296905099,2.44192024626e-09
20120521164435,noisefloor,no,0,0,TX,TX,0.0228386161598,2.445731114e-09
20120521164435,noisefloor,no,0,0,TX,TX,0.024803141437,2.44986978382e-09
20120521164435,noisefloor,no,0,0,TX,TX,0.026936650664,2.45436445252e-09
20120521164435,noisefloor,no,0,0,TX,TX,0.0292536794517,2.45924574228e-09
20120521164435,noisefloor,no,0,0,TX,TX,0.031770013731,2.46454690937e-09
20120521164435,noisefloor,no,0,0,TX,TX,0.0345027973023,2.47030407068e-09
20120521164435,noisefloor,no,0,0,TX,TX,0.0374706486363,2.47655644977e-09
20120521164435,noisefloor,no,0,0,TX,TX,0.0406937877217,2.48334664414e-09
20120521164435,noisefloor,no,0,0,TX,TX,0.0441941738242,2.49072091542e-09
20120521164435,noisefloor,no,0,0,TX,TX,0.047995655095,2.49872950458e-09
20120521164435,noisefloor,no,0,0,TX,TX,0.0521241310488,2.50742697417e-09
20120521164435,noisefloor,no,0,0,TX,TX,0.0566077290165,2.5168725801e-09
20120521164435,noisefloor,no,0,0,TX,TX,0.0614769957778,2.52713067536e-09
20120521164435,noisefloor,no,0,0,TX,TX,0.0667651056759,2.53827114839e-09
20120521164435,noisefloor,no,0,0,TX,TX,0.072508086635,2.55036989931e-09
20120521164435,noisefloor,no,0,0,TX,TX,0.0787450656184,2.56350935698e-09
20120521164435,noisefloor,no,0,0,TX,TX,0.085518535201,2.5777790406e-09
20120521164435,noisefloor,no,0,0,TX,TX,0.0928746430711,2.59327616962e-09
20120521164435,noisefloor,no,0,0,TX,TX,0.100863506435,2.61010632606e-09
20120521164435,noisefloor,no,0,0,TX,TX,0.109539553467,2.62838417388e-09
20120521164435,noisefloor,no,0,0,TX,TX,0.118961894126,2.64823424017e-09
20120521164435,noisefloor,no,0,0,TX,TX,0.129194722876,2.66979176354e-09
20120521164435,noisefloor,no,0,0,TX,TX,0.140307756039,2.69320361553e-09
20120521164435,noisefloor,no,0,0,TX,TX,0.152376706776,2.71862930123e-09
20120521164435,noisefloor,no,0,0,TX,TX,0.165483800919,2.74624204598e-09
20120521164435,noisefloor,no,0,0,TX,TX,0.179718337181,2.77622997558e-09
20120521164435,noisefloor,no,0,0,TX,TX,0.195177295539,2.80879739797e-09
20120521164435,noisefloor,no,0,0,TX,TX,0.211965997969,2.84416619519e-09
20120521164435,noisefloor,no,0,0,TX,TX,0.230198826001,2.88257733507e-09
20120521164435,noisefloor,no,0,0,TX,TX,0.25,2.92429251292e-09
20120521164435,noisefloor,no,0,0,TX,TX,0.271504425482,2.96959593452e-09
20120521164435,noisefloor,no,0,0,TX,TX,0.294858612224,3.01879625232e-09
20120521164435,noisefloor,no,0,0,TX,TX,0.320221672441,3.0722286684e-09
20120521164435,noisefloor,no,0,0,TX,TX,0.347766404811,3.13025721812e-09
20120521164435,noisefloor,no,0,0,TX,TX,0.377680471761,3.19327725033e-09
20120521164435,noisefloor,no,0,0,TX,TX,0.410167678004,3.26171812089e-09
20120521164435,noisefloor,no,0,0,TX,TX,0.44544935907,3.33604611785e-09
20120521164435,noisefloor,no,0,0,TX,TX,0.483765889262,3.4167676383e-09
20120521164435,noisefloor,no,0,0,TX,TX,0.525378319327,3.50443263843e-09
20120521164435,noisefloor,no,0,0,TX,TX,0.570570154997,3.59963838042e-09
20120521164435,noisefloor,no,0,0,TX,TX,0.619649288518,3.70303350154e-09
20120521164435,noisefloor,no,0,0,TX,TX,0.672950096316,3.81532243336e-09
20120521164435,noisefloor,no,0,0,TX,TX,0.730835717112,3.93727020106e-09
20120521164435,noisefloor,no,0,0,TX,TX,0.793700525984,4.06970763549e-09
20120521164435,noisefloor,no,0,0,TX,TX,0.861972821247,4.21353703368e-09
20120521164435,noisefloor,no,0,0,TX,TX,0.936117742454,4.36973830616e-09
20120521164435,noisefloor,no,0,0,TX,TX,1.01664043939,4.53937565315e-09
20120521164435,noisefloor,no,0,0,TX,TX,1.10408951367,4.72360481489e-09
20120521164435,noisefloor,no,0,0,TX,TX,1.19906075636,4.92368094574e-09
20120521164435,noisefloor,no,0,0,TX,TX,1.30220120709,5.14096716558e-09
20120521164435,noisefloor,no,0,0,TX,TX,1.41421356237,5.37694384671e-09
20120521164435,noisefloor,no,0,0,TX,TX,1.53586096304,5.63321869967e-09
20120521164435,noisefloor,no,0,0,TX,TX,1.66797219356,5.91153772653e-09
20120521164435,noisefloor,no,0,0,TX,TX,1.81144732853,6.21379711649e-09
20120521164435,noisefloor,no,0,0,TX,TX,1.96726386489,6.54205616455e-09
20120521164435,noisefloor,no,0,0,TX,TX,2.13648338163,6.89855130157e-09
20120521164435,noisefloor,no,0,0,TX,TX,2.32025877232,7.28571133102e-09
20120521164435,noisefloor,no,0,0,TX,TX,2.51984209979,7.70617397649e-09
20120521164435,noisefloor,no,0,0,TX,TX,2.73659312643,8.16280385246e-09
20120521164435,noisefloor,no,0,0,TX,TX,2.97198857827,8.43827512369e-09
20120521164435,noisefloor,no,0,0,TX,TX,3.22763220593,8.42663632415e-09
20120521164435,noisefloor,no,0,0,TX,TX,3.50526571095,8.41399638182e-09
20120521164435,noisefloor,no,0,0,TX,TX,3.80678061204,8.40026918071e-09
20120521164435,noisefloor,no,0,0,TX,TX,4.13423113203,8.3853611973e-09
20120521164435,noisefloor,no,0,0,TX,TX,4.48984819324,8.36917086341e-09
20120521164435,noisefloor,no,0,0,TX,TX,4.87605461682,8.35158787421e-09
20120521164435,noisefloor,no,0,0,TX,TX,5.29548162942,8.33249243669e-09
20120521164435,noisefloor,no,0,0,TX,TX,5.75098678978,8.29916247403e-09
20120521164435,noisefloor,no,0,0,TX,TX,6.24567345725,7.75118958299e-09
20120521164435,noisefloor,no,0,0,TX,TX,6.78291193502,7.15608132314e-09
20120521164435,noisefloor,no,0,0,TX,TX,7.36636243204,6.50978321838e-09
20120521164435,noisefloor,no,0,0,TX,TX,8.0,5.80789203589e-09
20120521164435,noisefloor,no,0,0,TX,TX,8.68814161541,5.08593981053e-09
20120521164435,noisefloor,no,0,0,TX,TX,9.43547559118,4.63734356951e-09
20120521164435,noisefloor,no,0,0,TX,TX,10.2470935181,4.15016011074e-09
20120521164435,noisefloor,no,0,0,TX,TX,11.128524954,3.62107025044e-09
20120521164435,noisefloor,no,0,0,TX,TX,12.0857750963,3.3112895126e-09
20120521164435,noisefloor,no,0,0,TX,TX,13.1253656961,3.1404308147e-09
20120521164435,noisefloor,no,0,0,TX,TX,14.2543794902,2.95487524426e-09
20120521164435,noisefloor,no,0,0,TX,TX,15.4805084564,2.98637459546e-09
20120521164435,noisefloor,no,0,0,TX,TX,16.8121062185,3.04146190146e-09
20120521164435,noisefloor,no,0,0,TX,TX,18.2582449599,3.01503741752e-09
20120521164435,noisefloor,no,0,0,TX,TX,19.8287772326,2.94986661798e-09
20120521164435,noisefloor,no,0,0,TX,TX,21.5344030821,2.37631222011e-09
20120521164435,noisefloor,no,0,0,TX,TX,23.3867429476,1.77210966682e-09
20120521164435,noisefloor,no,0,0,TX,TX,25.3984168315,1.53267212975e-09
20120521164435,noisefloor,no,0,0,TX,TX,27.5831302799,1.92354295727e-09
20120521164435,noisefloor,no,0,0,TX,TX,29.9557677585,2.35995700573e-09
20120521164435,noisefloor,no,0,0,TX,TX,32.5324940605,2.28426143345e-09
20120521164435,noisefloor,no,0,0,TX,TX,35.3308644376,1.68652739256e-09
20120521164435,noisefloor,no,0,0,TX,TX,38.3699442036,1.59725754006e-09
20120521164435,noisefloor,no,0,0,TX,TX,41.670438627,1.53697207298e-09
20120521164435,noisefloor,no,0,0,TX,TX,45.2548339959,1.33813891065e-09
20120521164435,noisefloor,no,0,0,TX,TX,49.1475508173,1.2777915108e-09
20120521164435,noisefloor,no,0,0,TX,TX,53.3751101939,1.38608469876e-09
20120521164435,noisefloor,no,0,0,TX,TX,57.9663145129,1.58108862136e-09
20120521164435,noisefloor,no,0,0,TX,TX,62.9524436764,1.18661875851e-09
20120521164435,noisefloor,no,0,0,TX,TX,68.3674682121,1.45801653717e-09
20120521164435,noisefloor,no,0,0,TX,TX,74.2482807143,1.47503291369e-09
20120521164435,noisefloor,no,0,0,TX,TX,80.6349471933,1.41580628303e-09
20120521164435,noisefloor,no,0,0,TX,TX,87.5709800458,1.56991762594e-09
20120521164435,noisefloor,no,0,0,TX,TX,95.1036345048,1.17114517961e-09
20120521164435,noisefloor,no,0,0,TX,TX,103.28423059,2.00546962117e-09
20120521164435,noisefloor,no,0,0,TX,TX,112.16850275,1.52886206042e-09
20120521164435,noisefloor,no,0,0,TX,TX,121.816979585,1.44872182445e-09
20120521164435,noisefloor,no,0,0,TX,TX,132.295396225,1.80932990565e-09
20120521164435,noisefloor,no,0,0,TX,TX,143.675142184,1.80397043886e-09
20120521164435,noisefloor,no,0,0,TY,TY,0.0139202924709,4.76861835831e-09
20120521164435,noisefloor,no,0,0,TY,TY,0.0151176840394,4.7726036095e-09
20120521164435,noisefloor,no,0,0,TY,TY,0.016418072479,4.77693166282e-09
20120521164435,noisefloor,no,0,0,TY,TY,0.0178303173437,4.78163200536e-09
20120521164435,noisefloor,no,0,0,TY,TY,0.0193640402662,4.78673666055e-09
20120521164435,noisefloor,no,0,0,TY,TY,0.0210296905099,4.79228040645e-09
20120521164435,noisefloor,no,0,0,TY,TY,0.0228386161598,4.79830101264e-09
20120521164435,noisefloor,no,0,0,TY,TY,0.024803141437,4.80483949753e-09
20120521164435,noisefloor,no,0,0,TY,TY,0.026936650664,4.81194040787e-09
20120521164435,noisefloor,no,0,0,TY,TY,0.0292536794517,4.81965212219e-09
20120521164435,noisefloor,no,0,0,TY,TY,0.031770013731,4.82802718046e-09
20120521164435,noisefloor,no,0,0,TY,TY,0.0345027973023,4.837122642e-09
20120521164435,noisefloor,no,0,0,TY,TY,0.0374706486363,4.84700047424e-09
20120521164435,noisefloor,no,0,0,TY,TY,0.0406937877217,4.8577279749e-09
20120521164435,noisefloor,no,0,0,TY,TY,0.0441941738242,4.86937823052e-09
20120521164435,noisefloor,no,0,0,TY,TY,0.047995655095,4.88203061435e-09
20120521164435,noisefloor,no,0,0,TY,TY,0.0521241310488,4.89577132717e-09
20120521164435,noisefloor,no,0,0,TY,TY,0.0566077290165,4.91069398453e-09
20120521164435,noisefloor,no,0,0,TY,TY,0.0614769957778,4.92690025457e-09
20120521164435,noisefloor,no,0,0,TY,TY,0.0667651056759,4.94450055073e-09
20120521164435,noisefloor,no,0,0,TY,TY,0.072508086635,4.96361478391e-09
20120521164435,noisefloor,no,0,0,TY,TY,0.0787450656184,4.9843731795e-09
20120521164435,noisefloor,no,0,0,TY,TY,0.085518535201,5.00691716458e-09
20120521164435,noisefloor,no,0,0,TY,TY,0.0928746430711,5.03140033145e-09
20120521164435,noisefloor,no,0,0,TY,TY,0.100863506435,5.05798948407e-09
20120521164435,noisefloor,no,0,0,TY,TY,0.109539553467,5.08686577449e-09
20120521164435,noisefloor,no,0,0,TY,TY,0.118961894126,5.11822593706e-09
20120521164435,noisefloor,no,0,0,TY,TY,0.129194722876,5.15228362874e-09
20120521164435,noisefloor,no,0,0,TY,TY,0.140307756039,5.18927088479e-09
20120521164435,noisefloor,no,0,0,TY,TY,0.152376706776,5.22943969961e-09
20120521164435,noisefloor,no,0,0,TY,TY,0.165483800919,5.27306374357e-09
20120521164435,noisefloor,no,0,0,TY,TY,0.179718337181,5.32044022754e-09
20120521164435,noisefloor,no,0,0,TY,TY,0.195177295539,5.37189192778e-09
20120521164435,noisefloor,no,0,0,TY,TY,0.211965997969,5.42776938504e-09
20120521164435,noisefloor,no,0,0,TY,TY,0.230198826001,5.48845329276e-09
20120521164435,noisefloor,no,0,0,TY,TY,0.25,5.55435709077e-09
20120521164435,noisefloor,no,0,0,TY,TY,0.271504425482,5.62592978203e-09
20120521164435,noisefloor,no,0,0,TY,TY,0.294858612224,5.70365899172e-09
20120521164435,noisefloor,no,0,0,TY,TY,0.320221672441,5.78807428939e-09
20120521164435,noisefloor,no,0,0,TY,TY,0.347766404811,5.87975079698e-09
20120521164435,noisefloor,no,0,0,TY,TY,0.377680471761,5.97931310707e-09
20120521164435,noisefloor,no,0,0,TY,TY,0.410167678004,6.08743953827e-09
20120521164435,noisefloor,no,0,0,TY,TY,0.44544935907,6.2048667566e-09
20120521164435,noisefloor,no,0,0,TY,TY,0.483765889262,6.3323947944e-09
20120521164435,noisefloor,no,0,0,TY,TY,0.525378319327,6.47089250094e-09
20120521164435,noisefloor,no,0,0,TY,TY,0.570570154997,6.62130346192e-09
20120521164435,noisefloor,no,0,0,TY,TY,0.619649288518,6.78465242811e-09
20120521164435,noisefloor,no,0,0,TY,TY,0.672950096316,6.96205229698e-09
20120521164435,noisefloor,no,0,0,TY,TY,0.730835717112,7.15471169489e-09
20120521164435,noisefloor,no,0,0,TY,TY,0.793700525984,7.36394321146e-09
20120521164435,noisefloor,no,0,0,TY,TY,0.861972821247,7.59117234227e-09
20120521164435,noisefloor,no,0,0,TY,TY,0.936117742454,7.83794720071e-09
20120521164435,noisefloor,no,0,0,TY,TY,1.01664043939,8.10594906537e-09
20120521164435,noisefloor,no,0,0,TY,TY,1.10408951367,8.39700383454e-09
20120521164435,noisefloor,no,0,0,TY,TY,1.19906075636,8.71309446609e-09
20120521164435,noisefloor,no,0,0,TY,TY,1.30220120709,9.05637448736e-09
20120521164435,noisefloor,no,0,0,TY,TY,1.41421356237,9.42918266719e-09
20120521164435,noisefloor,no,0,0,TY,TY,1.53586096304,9.8340589499e-09
20120521164435,noisefloor,no,0,0,TY,TY,1.66797219356,1.027376176e-08
20120521164435,noisefloor,no,0,0,TY,TY,1.81144732853,1.07512867954e-08
20120521164435,noisefloor,no,0,0,TY,TY,1.96726386489,1.12698874369e-08
20120521164435,noisefloor,no,0,0,TY,TY,2.13648338163,1.18330969138e-08
20120521164435,noisefloor,no,0,0,TY,TY,2.32025877232,1.24447523757e-08
20120521164435,noisefloor,no,0,0,TY,TY,2.51984209979,1.31090210347e-08
20120521164435,noisefloor,no,0,0,TY,TY,2.73659312643,1.38304285572e-08
20120521164435,noisefloor,no,0,0,TY,TY,2.97198857827,1.42536362253e-08
20120521164435,noisefloor,no,0,0,TY,TY,3.22763220593,1.42053067146e-08
20120521164435,noisefloor,no,0,0,TY,TY,3.50526571095,1.41528200105e-08
20120521164435,noisefloor,no,0,0,TY,TY,3.80678061204,1.40958185207e-08
20120521164435,noisefloor,no,0,0,TY,TY,4.13423113203,1.40339138938e-08
20120521164435,noisefloor,no,0,0,TY,TY,4.48984819324,1.39666843731e-08
20120521164435,noisefloor,no,0,0,TY,TY,4.87605461682,1.38936719236e-08
20120521164435,noisefloor,no,0,0,TY,TY,5.29548162942,1.38143791109e-08
20120521164435,noisefloor,no,0,0,TY,TY,5.75098678978,1.37130089247e-08
20120521164435,noisefloor,no,0,0,TY,TY,6.24567345725,1.2982837304e-08
20120521164435,noisefloor,no,0,0,TY,TY,6.78291193502,1.21898579985e-08
20120521164435,noisefloor,no,0,0,TY,TY,7.36636243204,1.13286684355e-08
20120521164435,noisefloor,no,0,0,TY,TY,8.0,1.03934013254e-08
20120521164435,noisefloor,no,0,0,TY,TY,8.68814161541,9.39374461816e-09
20120521164435,noisefloor,no,0,0,TY,TY,9.43547559118,8.44173587954e-09
20120521164435,noisefloor,no,0,0,TY,TY,10.2470935181,7.40783753701e-09
20120521164435,noisefloor,no,0,0,TY,TY,11.128524954,6.28500563503e-09
20120521164435,noisefloor,no,0,0,TY,TY,12.0857750963,5.56133746582e-09
20120521164435,noisefloor,no,0,0,TY,TY,13.1253656961,5.08536788658e-09
20120521164435,noisefloor,no,0,0,TY,TY,14.2543794902,4.56845649795e-09
20120521164435,noisefloor,no,0,0,TY,TY,15.4805084564,4.37082466062e-09
20120521164435,noisefloor,no,0,0,TY,TY,16.8121062185,4.18878471141e-09
20120521164435,noisefloor,no,0,0,TY,TY,18.2582449599,4.11366121616e-09
20120521164435,noisefloor,no,0,0,TY,TY,19.8287772326,4.08391008741e-09
20120521164435,noisefloor,no,0,0,TY,TY,21.5344030821,3.97599616406e-09
20120521164435,noisefloor,no,0,0,TY,TY,23.3867429476,3.78622619472e-09
20120521164435,noisefloor,no,0,0,TY,TY,25.3984168315,3.37217408013e-09
20120521164435,noisefloor,no,0,0,TY,TY,27.5831302799,2.93431954692e-09
20120521164435,noisefloor,no,0,0,TY,TY,29.9557677585,2.72409451002e-09
20120521164435,noisefloor,no,0,0,TY,TY,32.5324940605,2.6832781266e-09
20120521164435,noisefloor,no,0,0,TY,TY,35.3308644376,2.55256666998e-09
20120521164435,noisefloor,no,0,0,TY,TY,38.3699442036,2.41411239568e-09
20120521164435,noisefloor,no,0,0,TY,TY,41.670438627,2.20746909317e-09
20120521164435,noisefloor,no,0,0,TY,TY,45.2548339959,2.31017589616e-09
20120521164435,noisefloor,no,0,0,TY,TY,49.1475508173,2.61008899446e-09
20120521164435,noisefloor,no,0,0,TY,TY,53.3751101939,1.95088036551e-09
20120521164435,noisefloor,no,0,0,TY,TY,57.9663145129,1.62251469332e-09
20120521164435,noisefloor,no,0,0,TY,TY,62.9524436764,1.78744256279e-09
20120521164435,noisefloor,no,0,0,TY,TY,68.3674682121,1.71883078355e-09
20120521164435,noisefloor,no,0,0,TY,TY,74.2482807143,1.64948737083e-09
20120521164435,noisefloor,no,0,0,TY,TY,80.6349471933,1.62964560451e-09
20120521164435,noisefloor,no,0,0,TY,TY,87.5709800458,1.68245996075e-09
20120521164435,noisefloor,no,0,0,TY,TY,95.1036345048,1.8372266241e-09
20120521164435,noisefloor,no,0,0,TY,TY,103.28423059,1.83450764952e-09
20120521164435,noisefloor,no,0,0,TY,TY,112.16850275,1.51162211456e-09
20120521164435,noisefloor,no,0,0,TY,TY,121.816979585,1.65158775837e-09
20120521164435,noisefloor,no,0,0,TY,TY,132.295396225,1.77114754898e-09
20120521164435,noisefloor,no,0,0,TY,TY,143.675142184,1.98688832049e-09
20120521164435,noisefloor,no,0,0,TZ,TZ,0.0139202924709,5.84801520156e-07
20120521164435,noisefloor,no,0,0,TZ,TZ,0.0151176840394,5.8549893691e-07
20120521164435,noisefloor,no,0,0,TZ,TZ,0.016418072479,5.8625634385e-07
20120521164435,noisefloor,no,0,0,TZ,TZ,0.0178303173437,5.87078901194e-07
20120521164435,noisefloor,no,0,0,TZ,TZ,0.0193640402662,5.87972213031e-07
20120521164435,noisefloor,no,0,0,TZ,TZ,0.0210296905099,5.88942365499e-07
20120521164435,noisefloor,no,0,0,TZ,TZ,0.0228386161598,5.89995968253e-07
20120521164435,noisefloor,no,0,0,TZ,TZ,0.024803141437,5.91140199495e-07
20120521164435,noisefloor,no,0,0,TZ,TZ,0.026936650664,5.92382854878e-07
20120521164435,noisefloor,no,0,0,TZ,TZ,0.0292536794517,5.93732400622e-07
20120521164435,noisefloor,no,0,0,TZ,TZ,0.031770013731,5.9519803119e-07
20120521164435,noisefloor,no,0,0,TZ,TZ,0.0345027973023,5.9678973193e-07
20120521164435,noisefloor,no,0,0,TZ,TZ,0.0374706486363,5.98518347111e-07
20120521164435,noisefloor,no,0,0,TZ,TZ,0.0406937877217,6.00395653797e-07
20120521164435,noisefloor,no,0,0,TZ,TZ,0.0441941738242,6.0243444209e-07
20120521164435,noisefloor,no,0,0,TZ,TZ,0.047995655095,6.04648602266e-07
20120521164435,noisefloor,no,0,0,TZ,TZ,0.0521241310488,6.07053219413e-07
20120521164435,noisefloor,no,0,0,TZ,TZ,0.0566077290165,6.096646762e-07
20120521164435,noisefloor,no,0,0,TZ,TZ,0.0614769957778,6.12500764499e-07
20120521164435,noisefloor,no,0,0,TZ,TZ,0.0667651056759,6.15580806596e-07
20120521164435,noisefloor,no,0,0,TZ,TZ,0.072508086635,6.18925786836e-07
20120521164435,noisefloor,no,0,0,TZ,TZ,0.0787450656184,6.2255849459e-07
20120521164435,noisefloor,no,0,0,TZ,TZ,0.085518535201,6.26503679516e-07
20120521164435,noisefloor,no,0,0,TZ,TZ,0.0928746430711,6.30788220183e-07
20120521164435,noisefloor,no,0,0,TZ,TZ,0.100863506435,6.35441307192e-07
20120521164435,noisefloor,no,0,0,TZ,TZ,0.109539553467,6.40494642052e-07
20120521164435,noisefloor,no,0,0,TZ,TZ,0.118961894126,6.45982653164e-07
20120521164435,noisefloor,no,0,0,TZ,TZ,0.129194722876,6.51942730381e-07
20120521164435,noisefloor,no,0,0,TZ,TZ,0.140307756039,6.58415479742e-07
20120521164435,noisefloor,no,0,0,TZ,TZ,0.152376706776,6.65445000129e-07
20120521164435,noisefloor,no,0,0,TZ,TZ,0.165483800919,6.73079183705e-07
20120521164435,noisefloor,no,0,0,TZ,TZ,0.179718337181,6.81370042209e-07
20120521164435,noisefloor,no,0,0,TZ,TZ,0.195177295539,6.90374061308e-07
20120521164435,noisefloor,no,0,0,TZ,TZ,0.211965997969,7.00152585437e-07
20120521164435,noisefloor,no,0,0,TZ,TZ,0.230198826001,7.10772235741e-07
20120521164435,noisefloor,no,0,0,TZ,TZ,0.25,7.22305363959e-07
20120521164435,noisefloor,no,0,0,TZ,TZ,0.271504425482,7.34830545363e-07
20120521164435,noisefloor,no,0,0,TZ,TZ,0.294858612224,7.48433114087e-07
20120521164435,noisefloor,no,0,0,TZ,TZ,0.320221672441,7.63205744513e-07
20120521164435,noisefloor,no,0,0,TZ,TZ,0.347766404811,7.7924908266e-07
20120521164435,noisefloor,no,0,0,TZ,TZ,0.377680471761,7.96672431885e-07
20120521164435,noisefloor,no,0,0,TZ,TZ,0.410167678004,8.15594497571e-07
20120521164435,noisefloor,no,0,0,TZ,TZ,0.44544935907,8.36144195862e-07
20120521164435,noisefloor,no,0,0,TZ,TZ,0.483765889262,8.58461531976e-07
20120521164435,noisefloor,no,0,0,TZ,TZ,0.525378319327,8.82698554055e-07
20120521164435,noisefloor,no,0,0,TZ,TZ,0.570570154997,9.09020389076e-07
20120521164435,noisefloor,no,0,0,TZ,TZ,0.619649288518,9.37606367855e-07
20120521164435,noisefloor,no,0,0,TZ,TZ,0.672950096316,9.68651246836e-07
20120521164435,noisefloor,no,0,0,TZ,TZ,0.730835717112,1.00236653496e-06
20120521164435,noisefloor,no,0,0,TZ,TZ,0.793700525984,1.0389819347e-06
20120521164435,noisefloor,no,0,0,TZ,TZ,0.861972821247,1.07874690697e-06
20120521164435,noisefloor,no,0,0,TZ,TZ,0.936117742454,1.12193237077e-06
20120521164435,noisefloor,no,0,0,TZ,TZ,1.01664043939,1.16883254893e-06
20120521164435,noisefloor,no,0,0,TZ,TZ,1.10408951367,1.21976697263e-06
20120521164435,noisefloor,no,0,0,TZ,TZ,1.19906075636,1.27508265841e-06
20120521164435,noisefloor,no,0,0,TZ,TZ,1.30220120709,1.33515647236e-06
20120521164435,noisefloor,no,0,0,TZ,TZ,1.41421356237,1.40039769773e-06
20120521164435,noisefloor,no,0,0,TZ,TZ,1.53586096304,1.47125082338e-06
20120521164435,noisefloor,no,0,0,TZ,TZ,1.66797219356,1.54819857207e-06
20120521164435,noisefloor,no,0,0,TZ,TZ,1.81144732853,1.63176518927e-06
20120521164435,noisefloor,no,0,0,TZ,TZ,1.96726386489,1.72252001484e-06
20120521164435,noisefloor,no,0,0,TZ,TZ,2.13648338163,1.82108136195e-06
20120521164435,noisefloor,no,0,0,TZ,TZ,2.32025877232,1.92812072963e-06
20120521164435,noisefloor,no,0,0,TZ,TZ,2.51984209979,2.04436737774e-06
20120521164435,noisefloor,no,0,0,TZ,TZ,2.73659312643,2.17061329537e-06
20120521164435,noisefloor,no,0,0,TZ,TZ,2.97198857827,2.24590378648e-06
20120521164435,noisefloor,no,0,0,TZ,TZ,3.22763220593,2.24051465245e-06
20120521164435,noisefloor,no,0,0,TZ,TZ,3.50526571095,2.2346619575e-06
20120521164435,noisefloor,no,0,0,TZ,TZ,3.80678061204,2.22830582717e-06
20120521164435,noisefloor,no,0,0,TZ,TZ,4.13423113203,2.22140295712e-06
20120521164435,noisefloor,no,0,0,TZ,TZ,4.48984819324,2.21390631805e-06
20120521164435,noisefloor,no,0,0,TZ,TZ,4.87605461682,2.20576483532e-06
20120521164435,noisefloor,no,0,0,TZ,TZ,5.29548162942,2.19692304095e-06
20120521164435,noisefloor,no,0,0,TZ,TZ,5.75098678978,2.18415135374e-06
20120521164435,noisefloor,no,0,0,TZ,TZ,6.24567345725,2.04146947277e-06
20120521164435,noisefloor,no,0,0,TZ,TZ,6.78291193502,1.88651442429e-06
20120521164435,noisefloor,no,0,0,TZ,TZ,7.36636243204,1.71823049865e-06
20120521164435,noisefloor,no,0,0,TZ,TZ,8.0,1.53547117644e-06
20120521164435,noisefloor,no,0,0,TZ,TZ,8.68814161541,1.34540518268e-06
20120521164435,noisefloor,no,0,0,TZ,TZ,9.43547559118,1.20900268727e-06
20120521164435,noisefloor,no,0,0,TZ,TZ,10.2470935181,1.06086716267e-06
20120521164435,noisefloor,no,0,0,TZ,TZ,11.128524954,8.99989360671e-07
20120521164435,noisefloor,no,0,0,TZ,TZ,12.0857750963,7.78548366248e-07
20120521164435,noisefloor,no,0,0,TZ,TZ,13.1253656961,6.79969535262e-07
20120521164435,noisefloor,no,0,0,TZ,TZ,14.2543794902,5.72911179776e-07
20120521164435,noisefloor,no,0,0,TZ,TZ,15.4805084564,5.55054526682e-07
20120521164435,noisefloor,no,0,0,TZ,TZ,16.8121062185,5.44479569742e-07
20120521164435,noisefloor,no,0,0,TZ,TZ,18.2582449599,5.44638937658e-07
20120521164435,noisefloor,no,0,0,TZ,TZ,19.8287772326,5.49735987733e-07
20120521164435,noisefloor,no,0,0,TZ,TZ,21.5344030821,5.01849538745e-07
20120521164435,noisefloor,no,0,0,TZ,TZ,23.3867429476,4.40045230399e-07
20120521164435,noisefloor,no,0,0,TZ,TZ,25.3984168315,3.74898927525e-07
20120521164435,noisefloor,no,0,0,TZ,TZ,27.5831302799,3.2624206468e-07
20120521164435,noisefloor,no,0,0,TZ,TZ,29.9557677585,3.0334756498e-07
20120521164435,noisefloor,no,0,0,TZ,TZ,32.5324940605,2.931217094e-07
20120521164435,noisefloor,no,0,0,TZ,TZ,35.3308644376,2.68470606096e-07
20120521164435,noisefloor,no,0,0,TZ,TZ,38.3699442036,2.39335839067e-07
20120521164435,noisefloor,no,0,0,TZ,TZ,41.670438627,2.1027639071e-07
20120521164435,noisefloor,no,0,0,TZ,TZ,45.2548339959,1.8903944466e-07
20120521164435,noisefloor,no,0,0,TZ,TZ,49.1475508173,1.7436936261e-07
20120521164435,noisefloor,no,0,0,TZ,TZ,53.3751101939,1.69498716305e-07
20120521164435,noisefloor,no,0,0,TZ,TZ,57.9663145129,1.33737628548e-07
20120521164435,noisefloor,no,0,0,TZ,TZ,62.9524436764,1.30492306882e-07
20120521164435,noisefloor,no,0,0,TZ,TZ,68.3674682121,1.19094506889e-07
20120521164435,noisefloor,no,0,0,TZ,TZ,74.2482807143,1.0468430887e-07
20120521164435,noisefloor,no,0,0,TZ,TZ,80.6349471933,1.02214157378e-07
20120521164435,noisefloor,no,0,0,TZ,TZ,87.5709800458,8.32662432594e-08
20120521164435,noisefloor,no,0,0,TZ,TZ,95.1036345048,6.38368846107e-08
20120521164435,noisefloor,no,0,0,TZ,TZ,103.28423059,6.62671025332e-08
20120521164435,noisefloor,no,0,0,TZ,TZ,112.16850275,6.0182403935e-08
20120521164435,noisefloor,no,0,0,TZ,TZ,121.816979585,4.93007358584e-08
20120521164435,noisefloor,no,0,0,TZ,TZ,132.295396225,4.53521591973e-08
20120521164435,noisefloor,no,0,0,TZ,TZ,143.675142184,4.02720447662e-08
